N,Found,Build_KD_ms,Build_QT_ms,Query_KD_us,Query_QT_us,Status
1000,35,11.050920000343467,16.0259420008515,57.19496009987779,32.2895198041806,OK
5000,195,10.111710000273888,20.830289000514313,142.41238008253276,91.27891997195547,OK
10000,409,20.84122799897159,50.431783998647006,216.7012801510282,185.1549400453223,OK
20000,772,47.14802200032864,104.16498300037347,468.37659985612845,313.2477999315597,OK
50000,1972,241.3128090011014,553.5444540000753,617.8717000148026,826.1019799829228,OK
75000,2989,432.7986809985305,877.9859739988751,879.2888001335086,1467.5906600314192,OK
100000,4039,594.8448959989037,1232.6382440005546,1081.8447799101705,1680.780979913834,OK
