N,Found,Build_KD_ms,Build_QT_ms,Query_KD_us,Query_QT_us,Status
1000,145,17.76689100006479,51.020643000811106,77.82606015098281,45.185540002421476,OK
5000,722,12.40762999987055,13.191688998631435,190.66798009589547,228.36561987787718,OK
10000,1491,29.519186000470654,29.43818699895928,304.1258999655838,374.1411401279038,OK
20000,2941,58.22655600059079,73.25490199946216,516.0597599751782,876.6625200587441,OK
50000,7295,304.19374799930665,325.11829100076284,1066.4695799641777,2610.1933999962057,OK
75000,10823,493.8365709986101,525.241940998967,1588.8770798846963,5224.186599807581,OK
100000,14798,696.6390480010887,712.5797490007244,2065.24134020583,11023.206359932374,OK
