N,Found,Build_KD_ms,Build_QT_ms,Query_KD_us,Query_QT_us,Status
1000,36,14.371477000167943,36.7748839998967,34.9996799195651,14.562319956894498,OK
5000,225,11.122736001198064,16.95568099967204,88.94273985788459,62.10897998244037,OK
10000,400,19.079689000136568,31.01800600052229,185.73526005638996,121.8971597700147,OK
20000,784,38.55014500004472,66.89429999823915,199.21109997085296,227.32137993443757,OK
50000,1936,217.0197930008726,281.8259659998148,414.52423993177945,398.0929597673821,OK
75000,2916,350.6208019989572,420.1398839995818,528.2160201386432,781.0962599614868,OK
100000,3969,479.0325810008653,614.8703149992798,650.2266200186568,1068.8220001611626,OK
