N,Found,Build_KD_ms,Build_QT_ms,Query_KD_us,Query_QT_us,Status
1000,20,14.839888999631512,50.66174900093756,49.2624400430941,14.910959944245405,OK
5000,100,8.397957999477512,27.04781499960518,122.91913993976776,50.18745996494545,OK
10000,200,21.201835001193103,61.049992000334896,189.43783990835072,91.72252019197913,OK
20000,400,38.77991400077008,206.52876399981324,273.85006000258727,166.13826010143384,OK
50000,1000,206.39259699964896,557.6972650014795,462.8267599764513,337.75966006942326,OK
75000,1500,335.0369010004215,894.6278260009422,661.2870600656606,648.1094000628218,OK
100000,2000,489.3633400006365,1151.7273810004554,763.6969999293797,707.9589199565817,OK
