N,Found,Build_KD_ms,Build_QT_ms,Query_KD_us,Query_QT_us,Status
1000,333,10.961630001474987,17.865443998744013,96.55758000008063,121.17005990148755,OK
5000,1666,10.668242999599897,20.887194001261378,362.4631400452927,651.93418009585,OK
10000,3333,21.174989000428468,47.92127200016694,659.1260600544047,1262.5496400505654,OK
20000,6666,41.06518600019626,100.70434600129374,984.7619801439578,2385.3423798937,OK
50000,16666,225.01320900119026,536.6297159998794,2342.96225993603,8015.104819969565,OK
75000,25000,360.69029799909913,842.9185940003663,3635.663419845514,10942.569320031907,OK
100000,33333,490.43494100078533,1120.886087001054,4699.557639869454,15641.78842010733,OK
