N,Found,Build_KD_ms,Build_QT_ms,Query_KD_us,Query_QT_us,Status
1000,60,2.1247919994493714,1.8822679994627833,38.87546004989417,15.493040009459946,OK
5000,321,11.84425399878819,11.59252999968885,104.184960036946,82.18295988626778,OK
10000,641,26.587307000227156,27.984942000330193,166.88439991412451,134.81530011631548,OK
20000,1227,62.030655000853585,60.44191499859153,292.3736199227278,335.3419800987467,OK
50000,3139,318.4582279991446,292.44944999845757,574.9496601856663,869.1138800713816,OK
75000,4714,541.8559109984926,515.973010999005,737.930900286301,1398.736360060866,OK
100000,6115,707.1446570007538,686.7214019985113,1006.4524799599894,2528.3951799428905,OK
