N,Found,KD_build_s,QT_build_s,KD_query_s,QT_query_s
1000,411,0.044648498999777075,0.05349898500026029,0.0006752151997716282,0.00031204259994410677
5000,1991,0.019613229999777104,0.022687908000079915,0.0006301555999016273,0.0005620247999104322
10000,4066,0.039734117000080005,0.052835690999927465,0.0011955934000070557,0.0012294333997488137
25000,10139,0.1136149789999763,0.17156385199996294,0.0033944339997106,0.006436747999578074
50000,20237,0.4905422350002482,0.341094279000572,0.01091936339980748,0.016095514600056048
100000,40481,1.5437319699994987,1.682890301000043,0.02054611899966403,0.06529698459962674
200000,81210,5.715140303000226,3.4110914679995403,0.025293551800132263,0.08298318680008379
