N,Found,KD_build_s,QT_build_s,KD_query_s,QT_query_s
1000,386,0.048906517999967036,0.08060631300031673,0.0019498177998684696,0.000432309399911901
5000,1866,0.019735166999453213,0.05420308999964618,0.000753726800030563,0.0009196207998684258
10000,3724,0.03884965899942472,0.24828095599968947,0.002445378200172854,0.004031041400048707
25000,9348,0.14888028599943937,0.4517906189994392,0.003928164600074524,0.011217999000109558
50000,18752,0.4697995920005269,1.2717833249998876,0.009268432799763105,0.031579474200225374
100000,37424,1.863988834000338,5.06533186499928,0.029653401599898644,0.1406676434000474
200000,74618,5.142719411000144,6.567457873999956,0.028805812999962654,0.15547149079975497
