N,Found,KD_build_s,QT_build_s,KD_query_s,QT_query_s
1000,36,0.14281615600066289,0.2850506120003047,0.003320255799917504,0.0001710632002868806
5000,225,0.032998104999933275,0.03205038699979923,0.0003585816002669162,0.00016317680001520785
10000,400,0.06807188600032532,0.059895225999753166,0.0004039464000015869,0.0002643266001541633
25000,1024,0.4591623869991963,0.26238576700052363,0.00047264280001400036,0.0004040086001623422
50000,1936,0.6048575610002445,0.8251438469997083,0.0019262960000560269,0.0023652955998841206
100000,3969,2.1603192299999137,1.3823159960002158,0.003010319600070943,0.003579273600007582
200000,8100,3.6432449680005448,1.7334767510001257,0.0030775688002904643,0.004395690399906016
