N,Found,KD_build_s,QT_build_s,KD_query_s,QT_query_s
1000,283,0.06795225199948618,0.118132333000176,0.0009815646000788548,0.00016152819989656564
5000,1355,0.02839293200031534,0.024237825000454905,0.0004977661999873817,0.0004315126001529279
10000,2710,0.04915274200084241,0.08865381599935063,0.0017768901998351794,0.001908085399918491
25000,7039,0.169670553999822,0.19112642599975516,0.004993025600015244,0.010503878400049871
50000,14124,0.6399552329994549,0.5117768919999435,0.004707959799816308,0.01890574180015392
100000,28269,1.4458704500002568,2.3408657500003756,0.020656153799791355,0.08618550299961499
200000,56906,5.975845805000063,5.551737853000304,0.04222460239980137,0.19078974460007886
