N,Found,KD_build_s,QT_build_s,KD_query_s,QT_query_s
1000,503,0.061469036999369564,0.11289859099997557,0.0014673735999167548,0.00024769200026639735
5000,2505,0.01972575199943094,0.022962441999879957,0.0008311127998240408,0.0008041930001127185
10000,5010,0.03552024300006451,0.05945733199951064,0.0017389886001183187,0.0023374129999865546
25000,12570,0.14054610899984255,0.1446538820000569,0.00425553540007968,0.005078807999962009
50000,25071,0.46261494000009407,0.5644973710004706,0.013259296000251197,0.015919110199865825
100000,50108,1.3467482969999764,2.1772444059997724,0.03534676019990002,0.05021671860013157
200000,100287,3.0928711810001914,2.879298564000237,0.036376141800064946,0.053348909600026674
