N,Found,KD_build_s,QT_build_s,KD_query_s,QT_query_s
1000,188,0.0766058070003055,0.132352587999776,0.002393406799819786,0.00018436959999235114
5000,1018,0.017880332999993698,0.029332747999433195,0.00031905040013953113,0.0003503617999740527
10000,2039,0.03870672700031719,0.06568427100046392,0.0006602756000575027,0.0010056294000605702
25000,5057,0.11572601399984705,0.20218463800028985,0.001354377600182488,0.003429930999845965
50000,9956,0.428618942999492,0.9515653160005968,0.005383457199968689,0.020731827400049953
100000,19966,1.6842524000003323,3.9252479110000422,0.013943670399930852,0.06512215820002894
200000,40087,4.633943452000494,4.358400361999884,0.012459512999703293,0.06640030460002891
