N,Found,KD_build_s,QT_build_s,KD_query_s,QT_query_s
1000,58,0.05593442099961976,0.05224849699970946,0.0024292576001244013,0.000145036399953824
5000,319,0.029741577999629953,0.02473965999979555,0.0002142906001608935,0.00013774759972875472
10000,642,0.043753691999881994,0.07293910899988987,0.0005422677999376901,0.00030927380012144565
25000,1545,0.12884777799990843,0.8012434649999705,0.0008846130000165431,0.000982156399913947
50000,3129,0.6049305430005916,0.6333236840000609,0.0016801289997601999,0.003714886199850298
100000,6290,1.7470484369996484,1.3249112859994057,0.0027817592001156298,0.009103537200280698
200000,12581,3.45101078100015,3.4257233930002258,0.005287557200244919,0.02058587859992258
