N,Build_KD,Build_QT,Query_KD,Query_QT,Found
1000,0.005984937533321499,0.00830340773336502,0.0001260290933290283,8.61912566688261e-05,214
5000,0.012262294233308543,0.013422691099973842,0.00034565235333502644,0.00019270410666649695,997
10000,0.028889538300063577,0.03140312530013034,0.0006170639999982086,0.0004429673400045431,2030
25000,0.08167923066685034,0.09404587866629299,0.0011016972333284987,0.0011465292333620407,5112
50000,0.17903805833338993,0.22369565166688213,0.002111221933349346,0.0028296259666603873,10274
75000,0.3061062276665325,0.33073255700037407,0.0027248005666479004,0.005192579033367413,15357
100000,0.45483782600058476,0.4861446940000557,0.0038751105999836,0.010077434866616386,20409
200000,1.2554584973331657,1.0258727343334613,0.007838389200029876,0.0349077335333277,41067
500000,4.332984935333418,4.3695853816667904,0.027534433366660473,0.2056197153999771,101994
