N,Build_KD,Build_QT,Query_KD,Query_QT,Found
1000,0.006986671333349174,0.013211227899955703,9.383846666726944e-05,0.00017127816000235422,43
5000,0.013652252466636127,0.01539607459999388,9.965182333568615e-05,5.681182000140931e-05,258
10000,0.026686098400023183,0.039900148299966534,0.00021527577999222558,0.0001350009300040256,517
25000,0.08752267466661579,0.14968510866674478,0.0005842726000385785,0.0004233717000412677,1324
50000,0.176580198666367,0.2784841579996282,0.0006351151666725249,0.0007781669999531004,2587
75000,0.3143859436665177,0.4275053973330311,0.0008184240667105768,0.0011390492666881376,3765
100000,0.40781384666661324,0.7428588563331383,0.0010667139333236264,0.001780316399951213,4933
200000,1.207268852666554,1.5843521579996984,0.001705762433327133,0.0047751211666763995,9950
500000,4.62257706966678,5.352212014333418,0.006144328799988822,0.020855803399960373,25096
