N,Build_KD,Build_QT,Query_KD,Query_QT,Found
1000,0.009338110898534068,0.015200998600630556,7.918453993625007e-05,7.656175977899692e-05,40
5000,0.01861799099788186,0.015639620900037697,0.0002938791397900786,0.00013125060009770096,177
10000,0.06069079899825738,0.057687989000260134,0.0009490182995796203,0.00028467310025007456,379
25000,0.13805113929920482,0.1327644639000937,0.002098124020121759,0.0005471308599226175,1005
50000,0.32611492349897164,0.3350537044003431,0.002889950579992729,0.0013100383603887168,2062
100000,0.7221053321991349,0.7654490968001483,0.005513526480062866,0.003157661759614712,3995
200000,2.129690976699931,2.183508022998285,0.012121985299745574,0.011230041579838142,8100
