N,Build_KD,Build_QT,Query_KD,Query_QT,Found
1000,0.0040811826666564835,0.007337690299997727,6.817327666794882e-05,7.424564000151198e-05,106
5000,0.012858639433337279,0.012845280666624603,0.0001772047166681053,0.00012665551999816672,542
10000,0.027837935400020795,0.02604443589989387,0.00024935297000411083,0.0002194067299933522,1084
25000,0.07888475366659502,0.10292256766721646,0.0005813807666830447,0.0006758448666611609,2474
50000,0.18262249700031438,0.23842727633321678,0.0009232515999732034,0.0015290220000072927,4977
75000,0.29835146700012655,0.4119189356667145,0.00136908599997696,0.0024179691999961506,7523
100000,0.46740393233327876,0.5436135049997878,0.0015863116999753402,0.004183300599955449,10101
200000,1.1750447706666212,1.3471911113332073,0.0031574562333238037,0.014711269166703763,19978
500000,4.314954971999517,4.597033975999996,0.009389694933330854,0.04037481336666436,49672
